CAT,アビシニアン
CAT,アメリカンカール
CAT,アメリカンショートヘア
CAT,アメリカンワイヤーヘア
CAT,エキゾチック
CAT,エジプシャンマウ
CAT,オシキャット
CAT,オリエンタルショートヘア
CAT,キムリック
CAT,コラット
CAT,コーニッシュ・レックス
CAT,サイベリアン
CAT,シャム
CAT,シャルトリュー
CAT,シンガプーラ
CAT,ジャパニーズ・ボブテイル
CAT,スクーカム
CAT,スコティッシュフォールド・ロングヘア
CAT,スコティッシュ・フォールド
CAT,スフィンクス
CAT,セルカーク・レックス
CAT,ソマリ
CAT,ターキッシュ・アンゴラ
CAT,ターキッシュ・バン
CAT,デボンレックス
CAT,トンキニーズ
CAT,ノルウェージャンフォレストキャット
CAT,ハバナ・ブラウン
CAT,バリニーズ
CAT,バーマン
CAT,バーミーズ
CAT,ヒマラヤン
CAT,ブリティッシュショートヘア
CAT,ベンガル
CAT,ペルシャ
CAT,ボンベイ
CAT,マンクス
CAT,マンチカン
CAT,マンチカール
CAT,メインクーン
CAT,ラガマフィン
CAT,ラグドール
CAT,ラパーマ
CAT,ロシアンブルー
CAT,その他
HAMSTER,ゴールデンハムスター
HAMSTER,キンクマ
HAMSTER,ジャガリアンハムスター
HAMSTER,ブルーサファイアジャンガリアンハムスター
HAMSTER,パールホワイトジャンガリアンハムスター
HAMSTER,プディングジャンガリアンハムスター
HAMSTER,ロボロフスキーハムスター
HAMSTER,キャンベルハムスター
HAMSTER,チャイニーズハムスター
HAMSTER,ヨーロッパハムスター
HAMSTER,その他
BIRD,アヒル
BIRD,アオガラ
BIRD,アキクサインコ
BIRD,ウズラ
BIRD,ウロコインコ
BIRD,ウロコメキシコインコ
BIRD,オカメインコ
BIRD,オキナインコ
BIRD,カツラチャボ
BIRD,カナリア
BIRD,カンムリコサイチョウ
BIRD,キエリボタンインコ
BIRD,キバシキンセイチョウ
BIRD,キュウカンチョウ
BIRD,キンカチョウ・シナモン
BIRD,キンカ鳥
BIRD,キンノジコ
BIRD,コガネメキシコインコ
BIRD,コキンチョウ
BIRD,コザクラインコ
BIRD,コミドリコンゴウインコ
BIRD,コモン鳥
BIRD,コールダック
BIRD,ゴシキセイガイインコ
BIRD,サザナミインコ
BIRD,シロガシラウシハタオリ
BIRD,シロハラインコ
BIRD,ジャンボキンカチョウ
BIRD,ジャンボセキセイインコ
BIRD,ジュウシマツ
BIRD,ジュズカケバト
BIRD,ズアカハネナガ
BIRD,ズグロシロハラインコ
BIRD,セイオウチョウ
BIRD,セキセイインコ
BIRD,ダイヤモンドフィンチ
BIRD,チャボ
BIRD,トサカムクドリ
BIRD,ナナクサインンコ・ルチノー
BIRD,ハト｜チョウショウバト
BIRD,ヒメウズラ
BIRD,ビセイインコ・ルチノー
BIRD,ホオミドリウロコインコ・ブルーシナモン
BIRD,ホオミドリメキシコインコ・ノーマル
BIRD,ボタンインコ
BIRD,マメルリハ
BIRD,モモイロインコ
BIRD,ヨウム
BIRD,ルリコンゴウインコ
BIRD,ルリメタイハクオウム
BIRD,ワキコガネウロコインコ
BIRD,文鳥
BIRD,羽衣セキセイインコ
BIRD,その他
RABBIT,アメリカン
RABBIT,アメリカン・ファジー・ロップ
RABBIT,アメリカン・セーブル
RABBIT,シャンパーニュ・ダルジャン
RABBIT,ベルジアン・ヘア
RABBIT,ブラン・ドゥ・ホト
RABBIT,ブリタニア・ペティート
RABBIT,カリフォルニアン
RABBIT,チェッカード・ジャイアント
RABBIT,スタンダード・チンチラ
RABBIT,アメリカン・チンチラ
RABBIT,ダッチ
RABBIT,ドワーフ・ホト
RABBIT,ミニ・ロップ
RABBIT,イングリッシュ・アンゴラ
RABBIT,イングリッシュ・ロップ
RABBIT,フレミッシュ・ジャイアント
RABBIT,フロリダ・ホワイト
RABBIT,フレンチ・アンゴラ
RABBIT,フレンチ・ロップ
RABBIT,ジャイアント・アンゴラ
RABBIT,ハレクイン
RABBIT,ハバナ
RABBIT,ヒマラヤン
RABBIT,ジャージーウーリー
RABBIT,ライラック
RABBIT,ライオンヘッド
RABBIT,ホーランド・ロップ
RABBIT,ネザーランド・ドワーフ
RABBIT,パロミノ
RABBIT,ポーリッシュ
RABBIT,ミニレッキス
RABBIT,ラインランダー
RABBIT,サテン
RABBIT,サテンアンゴラ
RABBIT,シルバーフォックス
RABBIT,シルバーマーチン
RABBIT,タン
RABBIT,トリアンタ
RABBIT,その他
DOG,アイディ
DOG,アイリッシュ・ウォーター・スパニエル
DOG,アイリッシュ・ウルフハウンド
DOG,アイリッシュ・セター
DOG,アイリッシュ・ソフトコーテッド・ウィートン・テリア
DOG,アイリッシュ・テリア
DOG,アイリッシュ・レッド・アンド・ホワイト・セター
DOG,アザワク
DOG,アフガン・ハウンド
DOG,アフリカニス
DOG,アメリカン・アキタ
DOG,アメリカン・コッカー・スパニエル
DOG,アメリカン・スタッフォードシャー・テリア
DOG,アメリカン・フォックスハウンド
DOG,アラスカン・マラミュート
DOG,アーフェンピンシャー
DOG,イタリアン・グレーハウンド
DOG,イビザン・ハウンド
DOG,イングリッシュ・コッカー・スパニエル
DOG,イングリッシュ・スプリンガー・スパニエル
DOG,イングリッシュ・セター
DOG,ウィペット
DOG,ウェルシュ・コーギー・カーディガン
DOG,ウェルシュ・コーギー・ペンブローク
DOG,ウェルシュ・スプリンガー・スパニエル
DOG,ウェルシュ・テリア
DOG,ウエスト・ハイランド・ホワイト・テリア
DOG,エアデール・テリア
DOG,オーストラリアン・キャトル・ドッグ
DOG,オーストラリアン・ケルピー
DOG,オーストラリアン・シェパード
DOG,オーストラリアン・シルキー・テリア
DOG,オーストラリアン・テリア
DOG,オールド・イングリッシュ・シープドッグ
DOG,カーリーコーテッド・レトリーバー
DOG,キャバリア・キング・チャールズ・スパニエル
DOG,キング・チャールズ・スパニエル
DOG,キースホンド
DOG,クランバー・スパニエル
DOG,グレート・デーン
DOG,グレート・ピレニーズ
DOG,グレーハウンド
DOG,ケアーン・テリア
DOG,ケリー・ブルー・テリア
DOG,コモンドール
DOG,コーイケルホンディエ
DOG,ゴードン・セター
DOG,ゴールデン・レトリーバー
DOG,サモエド
DOG,サルーキ
DOG,シェットランド・シープドッグ
DOG,シベリアン・ハスキー
DOG,シャー・ペイ
DOG,ショートヘアード・ハンガリアン・ビズラ
DOG,シーリハム・テリア
DOG,シー・ズー
DOG,ジャイアント・シュナウザー
DOG,ジャック・ラッセル・テリア
DOG,ジャーマン・シェパード・ドッグ
DOG,ジャーマン・ショートヘアード・ポインター
DOG,ジャーマン・ワイアーヘアード・ポインター
DOG,スカイ・テリア
DOG,スキッパーキ
DOG,スコティッシュ・テリア
DOG,スタッフォードシャー・ブル・テリア
DOG,スタンダード・シュナウザー
DOG,スムース・コリー
DOG,スムース・フォックス・テリア
DOG,スルーギ
DOG,セント・バーナード
DOG,タイ・リッジバック・ドッグ
DOG,ダルメシアン
DOG,ダンディ・ディンモント・テリア
DOG,チェサピーク・ベイ・レトリーバー
DOG,チベタン・スパニエル
DOG,チベタン・テリア
DOG,チベタン・マスティフ
DOG,チャイニーズ・クレステッド・ドッグ
DOG,チャウ・チャウ
DOG,チワワ
DOG,ディアハウンド
DOG,トイ・マンチェスター・テリア
DOG,ドゴ・アルヘンティーノ
DOG,ドーベルマン
DOG,ナポリタン・マスティフ
DOG,ニューファンドランド
DOG,ノルウェジアン・エルクハウンド
DOG,ノヴァ・スコシア・ダック・トーリング・レトリーバー
DOG,ノーフォーク・テリア
DOG,ノーリッチ・テリア
DOG,ハリア
DOG,バセット・ハウンド
DOG,バセンジー
DOG,バーニーズ・マウンテン・ドッグ
DOG,パグ
DOG,パピヨン
DOG,パーソン・ラッセル・テリア
DOG,ビアデッド・コリー
DOG,ビション・フリーゼ
DOG,ビーグル
DOG,ピレニアン・マスティフ
DOG,ファラオ・ハウンド
DOG,フィールド・スパニエル
DOG,フラットコーテッド・レトリーバー
DOG,フレンチ・ブルドッグ
DOG,ブラジリアン・ガード・ドッグ
DOG,ブラック・アンド・タン・クーンハウンド
DOG,ブラッドハウンド
DOG,ブリアード
DOG,ブリタニー・スパニエル
DOG,ブリュッセル・グリフォン
DOG,ブルドッグ
DOG,ブルマスティフ
DOG,ブル・テリア
DOG,ブービエ・デ・フランダース
DOG,プチ・バセット・グリフォン・バンデーン
DOG,プチ・ブラバンソン
DOG,プーリー
DOG,ベドリントン・テリア
DOG,ベルジアン・グリフォン
DOG,ベルジアン・シェパード・ドッグ・グローネンダール
DOG,ベルジアン・シェパード・ドッグ・タービュレン
DOG,ベルジアン・シェパード・ドッグ・マリノア
DOG,ベルジアン・シェパード・ドッグ・ラケノア
DOG,ペキニーズ
DOG,ペルービアン・ヘアレス・ドッグ
DOG,ボクサー
DOG,ボストン・テリア
DOG,ボルゾイ
DOG,ボルドー・マスティフ
DOG,ボロニーズ
DOG,ボーダー・コリー
DOG,ボーダー・テリア
DOG,ポメラニアン
DOG,ポリッシュ・ローランド・シープドッグ
DOG,ポーチュギーズ・ウォーター・ドッグ
DOG,マスティフ
DOG,マルチーズ
DOG,マレンマ・シープドッグ
DOG,マンチェスター・テリア
DOG,ミニチュア・シュナウザー
DOG,ミニチュア・ピンシャー
DOG,ミニチュア・ブル・テリア
DOG,ユーラシア
DOG,ヨークシャー・テリア
DOG,ラサ・アプソ
DOG,ラフ・コリー
DOG,ラブラドール・レトリーバー
DOG,ラージ・ミュンスターレンダー
DOG,レオンベルガー
DOG,レークランド・テリア
DOG,ロットワイラー
DOG,ローシェン
DOG,ローデシアン・リッジバック
DOG,ワイアー・フォックス・テリア
DOG,ワイマラナー
DOG,北海道犬
DOG,土佐犬
DOG,甲斐犬
DOG,秋田犬
DOG,紀州犬
DOG,その他
OTHER,その他
